<?xml version="1.0" encoding="utf-8"?>
<edmx:Edmx Version="3.0" xmlns:edmx="http://schemas.microsoft.com/ado/2009/11/edmx">
 <!-- EF Designer content (DO NOT EDIT MANUALLY BELOW HERE) -->
  <edmx:Designer xmlns="http://schemas.microsoft.com/ado/2009/11/edmx">
    <!-- Diagram content (shape and connector positions) -->
    <edmx:Diagrams>
      <Diagram DiagramId="c71a4906e48849ae9713bd2f13e5de11" Name="Diagram1">
        <EntityTypeShape EntityType="ReminderModel.ReminderData" Width="1.5" PointX="3" PointY="0.875" IsExpanded="true" />
        <EntityTypeShape EntityType="ReminderModel.User" Width="1.5" PointX="0.75" PointY="1" IsExpanded="true" />
        <AssociationConnector Association="ReminderModel.FK_ReminderData_ReminderData" ManuallyRouted="false" />
      </Diagram>
    </edmx:Diagrams>
  </edmx:Designer>
</edmx:Edmx>